Origin Airport,Origin City,Origin State,Destination Airport,Destination City,Destination State,Total Time (Minutes),Hours,Minutes,Distance (Miles)
ABE,"Allentown/Bethlehem/Easton, PA",PA,CLT,"Charlotte, NC",NC,100,1,40,481
ABI,"Abilene, TX",TX,DFW,"Dallas/Fort Worth, TX",TX,42,0,42,158
ABQ,"Albuquerque, NM",NM,ATL,"Atlanta, GA",GA,154,2,34,1269
ABR,"Aberdeen, SD",SD,MSP,"Minneapolis, MN",MN,74,1,14,257
ACT,"Waco, TX",TX,DFW,"Dallas/Fort Worth, TX",TX,43,0,43,89
ACV,"Arcata/Eureka, CA",CA,DEN,"Denver, CO",CO,145,2,25,1026
ACY,"Atlantic City, NJ",NJ,FLL,"Fort Lauderdale, FL",FL,173,2,53,977
ADK,"Adak Island, AK",AK,ANC,"Anchorage, AK",AK,164,2,44,1192
AEX,"Alexandria, LA",LA,DFW,"Dallas/Fort Worth, TX",TX,76,1,16,285
AGS,"Augusta, GA",GA,CLT,"Charlotte, NC",NC,54,0,54,140
ALB,"Albany, NY",NY,ATL,"Atlanta, GA",GA,167,2,47,853
AMA,"Amarillo, TX",TX,DAL,"Dallas, TX",TX,61,1,1,323
ANC,"Anchorage, AK",AK,ADK,"Adak Island, AK",AK,159,2,39,1192
APN,"Alpena, MI",MI,DTW,"Detroit, MI",MI,72,1,12,198
ASE,"Aspen, CO",CO,ATL,"Atlanta, GA",GA,199,3,19,1304
ATL,"Atlanta, GA",GA,ABQ,"Albuquerque, NM",NM,216,3,36,1269
ATW,"Appleton, WI",WI,ATL,"Atlanta, GA",GA,162,2,42,765
AUS,"Austin, TX",TX,ABQ,"Albuquerque, NM",NM,110,1,50,619
AVL,"Asheville, NC",NC,CLT,"Charlotte, NC",NC,50,0,50,91
AVP,"Scranton/Wilkes-Barre, PA",PA,CLT,"Charlotte, NC",NC,100,1,40,509
AZA,"Phoenix, AZ",AZ,BIL,"Billings, MT",MT,148,2,28,878
AZO,"Kalamazoo, MI",MI,DTW,"Detroit, MI",MI,79,1,19,113
BDL,"Hartford, CT",CT,ATL,"Atlanta, GA",GA,153,2,33,859
BFF,"Scottsbluff, NE",NE,DEN,"Denver, CO",CO,99,1,39,150
BFL,"Bakersfield, CA",CA,DEN,"Denver, CO",CO,143,2,23,845
BGR,"Bangor, ME",ME,DCA,"Washington, DC",VA,113,1,53,590
BHM,"Birmingham, AL",AL,ATL,"Atlanta, GA",GA,46,0,46,134
BIH,"Bishop, CA",CA,DEN,"Denver, CO",CO,139,2,19,760
BIL,"Billings, MT",MT,AZA,"Phoenix, AZ",AZ,166,2,46,878
BIS,"Bismarck/Mandan, ND",ND,AZA,"Phoenix, AZ",AZ,168,2,48,1092
BJI,"Bemidji, MN",MN,MSP,"Minneapolis, MN",MN,64,1,4,199
BLI,"Bellingham, WA",WA,LAS,"Las Vegas, NV",NV,159,2,39,954
BLV,"Belleville, IL",IL,PGD,"Punta Gorda, FL",FL,140,2,20,921
BMI,"Bloomington/Normal, IL",IL,DFW,"Dallas/Fort Worth, TX",TX,131,2,11,690
BNA,"Nashville, TN",TN,ATL,"Atlanta, GA",GA,56,0,56,214
BOI,"Boise, ID",ID,ATL,"Atlanta, GA",GA,232,3,52,1838
BOS,"Boston, MA",MA,ATL,"Atlanta, GA",GA,168,2,48,946
BPT,"Beaumont/Port Arthur, TX",TX,DFW,"Dallas/Fort Worth, TX",TX,69,1,9,270
BQN,"Aguadilla, PR",PR,EWR,"Newark, NJ",NJ,248,4,8,1585
BRD,"Brainerd, MN",MN,MSP,"Minneapolis, MN",MN,39,0,39,114
BRO,"Brownsville, TX",TX,DFW,"Dallas/Fort Worth, TX",TX,85,1,25,482
BTM,"Butte, MT",MT,SLC,"Salt Lake City, UT",UT,80,1,20,358
BTR,"Baton Rouge, LA",LA,CLT,"Charlotte, NC",NC,103,1,43,675
BTV,"Burlington, VT",VT,ATL,"Atlanta, GA",GA,184,3,4,961
BUF,"Buffalo, NY",NY,ATL,"Atlanta, GA",GA,121,2,1,712
BUR,"Burbank, CA",CA,ABQ,"Albuquerque, NM",NM,102,1,42,672
BWI,"Baltimore, MD",MD,ABQ,"Albuquerque, NM",NM,270,4,30,1670
BZN,"Bozeman, MT",MT,ATL,"Atlanta, GA",GA,195,3,15,1640
CAE,"Columbia, SC",SC,CLT,"Charlotte, NC",NC,55,0,55,88
CAK,"Akron, OH",OH,CLT,"Charlotte, NC",NC,90,1,30,394
CDC,"Cedar City, UT",UT,SLC,"Salt Lake City, UT",UT,62,1,2,221
CHA,"Chattanooga, TN",TN,CLT,"Charlotte, NC",NC,83,1,23,241
CHO,"Charlottesville, VA",VA,ORD,"Chicago, IL",IL,120,2,0,566
CHS,"Charleston, SC",SC,ATL,"Atlanta, GA",GA,59,0,59,259
CID,"Cedar Rapids/Iowa City, IA",IA,ATL,"Atlanta, GA",GA,126,2,6,694
CIU,"Sault Ste. Marie, MI",MI,MSP,"Minneapolis, MN",MN,108,1,48,435
CLE,"Cleveland, OH",OH,ATL,"Atlanta, GA",GA,103,1,43,554
CLL,"College Station/Bryan, TX",TX,DFW,"Dallas/Fort Worth, TX",TX,64,1,4,164
CLT,"Charlotte, NC",NC,ABE,"Allentown/Bethlehem/Easton, PA",PA,91,1,31,481
CMH,"Columbus, OH",OH,ATL,"Atlanta, GA",GA,81,1,21,447
CMI,"Champaign/Urbana, IL",IL,DFW,"Dallas/Fort Worth, TX",TX,136,2,16,693
CMX,"Hancock/Houghton, MI",MI,ORD,"Chicago, IL",IL,109,1,49,360
COD,"Cody, WY",WY,DEN,"Denver, CO",CO,83,1,23,391
COS,"Colorado Springs, CO",CO,ATL,"Atlanta, GA",GA,147,2,27,1184
COU,"Columbia, MO",MO,DFW,"Dallas/Fort Worth, TX",TX,106,1,46,490
CPR,"Casper, WY",WY,DEN,"Denver, CO",CO,63,1,3,230
CRP,"Corpus Christi, TX",TX,DFW,"Dallas/Fort Worth, TX",TX,72,1,12,354
CRW,"Charleston/Dunbar, WV",WV,ATL,"Atlanta, GA",GA,83,1,23,363
CVG,"Cincinnati, OH",KY,ATL,"Atlanta, GA",GA,92,1,32,373
CYS,"Cheyenne, WY",WY,DEN,"Denver, CO",CO,44,0,44,90
DAB,"Daytona Beach, FL",FL,ATL,"Atlanta, GA",GA,73,1,13,366
DAL,"Dallas, TX",TX,ABQ,"Albuquerque, NM",NM,103,1,43,580
DAY,"Dayton, OH",OH,CLT,"Charlotte, NC",NC,95,1,35,370
DCA,"Washington, DC",VA,ALB,"Albany, NY",NY,76,1,16,318
DDC,"Dodge City, KS",KS,DEN,"Denver, CO",CO,85,1,25,292
DEC,"Decatur, IL",IL,ORD,"Chicago, IL",IL,56,0,56,156
DEN,"Denver, CO",CO,ABQ,"Albuquerque, NM",NM,66,1,6,349
DFW,"Dallas/Fort Worth, TX",TX,ABI,"Abilene, TX",TX,50,0,50,158
DIK,"Dickinson, ND",ND,DEN,"Denver, CO",CO,132,2,12,488
DLH,"Duluth, MN",MN,MSP,"Minneapolis, MN",MN,77,1,17,144
DRO,"Durango, CO",CO,DEN,"Denver, CO",CO,62,1,2,251
DSM,"Des Moines, IA",IA,ATL,"Atlanta, GA",GA,107,1,47,743
DTW,"Detroit, MI",MI,ALB,"Albany, NY",NY,115,1,55,489
DVL,"Devils Lake, ND",ND,DEN,"Denver, CO",CO,117,1,57,638
EAR,"Kearney, NE",NE,DEN,"Denver, CO",CO,79,1,19,305
EAU,"Eau Claire, WI",WI,ORD,"Chicago, IL",IL,89,1,29,269
ECP,"Panama City, FL",FL,ATL,"Atlanta, GA",GA,56,0,56,240
EGE,"Eagle, CO",CO,ATL,"Atlanta, GA",GA,163,2,43,1312
EKO,"Elko, NV",NV,SLC,"Salt Lake City, UT",UT,81,1,21,200
ELM,"Elmira/Corning, NY",NY,DTW,"Detroit, MI",MI,80,1,20,332
ELP,"El Paso, TX",TX,ATL,"Atlanta, GA",GA,165,2,45,1282
ESC,"Escanaba, MI",MI,DTW,"Detroit, MI",MI,105,1,45,306
EUG,"Eugene, OR",OR,DEN,"Denver, CO",CO,129,2,9,996
EVV,"Evansville, IN",IN,ATL,"Atlanta, GA",GA,80,1,20,350
EWR,"Newark, NJ",NJ,ATL,"Atlanta, GA",GA,138,2,18,746
EYW,"Key West, FL",FL,ATL,"Atlanta, GA",GA,113,1,53,646
FAI,"Fairbanks, AK",AK,ANC,"Anchorage, AK",AK,52,0,52,261
FAR,"Fargo, ND",ND,AZA,"Phoenix, AZ",AZ,187,3,7,1220
FAT,"Fresno, CA",CA,ATL,"Atlanta, GA",GA,247,4,7,1997
FAY,"Fayetteville, NC",NC,CLT,"Charlotte, NC",NC,62,1,2,118
FCA,"Kalispell, MT",MT,DEN,"Denver, CO",CO,104,1,44,752
FLG,"Flagstaff, AZ",AZ,DFW,"Dallas/Fort Worth, TX",TX,146,2,26,853
FLL,"Fort Lauderdale, FL",FL,ACY,"Atlantic City, NJ",NJ,141,2,21,977
FNT,"Flint, MI",MI,ORD,"Chicago, IL",IL,91,1,31,223
FOD,"Fort Dodge, IA",IA,ORD,"Chicago, IL",IL,84,1,24,325
FSD,"Sioux Falls, SD",SD,ATL,"Atlanta, GA",GA,133,2,13,954
FSM,"Fort Smith, AR",AR,DFW,"Dallas/Fort Worth, TX",TX,71,1,11,227
FWA,"Fort Wayne, IN",IN,ATL,"Atlanta, GA",GA,99,1,39,508
GCC,"Gillette, WY",WY,DEN,"Denver, CO",CO,85,1,25,313
GCK,"Garden City, KS",KS,DFW,"Dallas/Fort Worth, TX",TX,92,1,32,404
GEG,"Spokane, WA",WA,ATL,"Atlanta, GA",GA,249,4,9,1969
GGG,"Longview, TX",TX,DFW,"Dallas/Fort Worth, TX",TX,52,0,52,140
GJT,"Grand Junction, CO",CO,DEN,"Denver, CO",CO,60,1,0,212
GNV,"Gainesville, FL",FL,ATL,"Atlanta, GA",GA,66,1,6,300
GPT,"Gulfport/Biloxi, MS",MS,ATL,"Atlanta, GA",GA,80,1,20,352
GRB,"Green Bay, WI",WI,ATL,"Atlanta, GA",GA,147,2,27,774
GRI,"Grand Island, NE",NE,AZA,"Phoenix, AZ",AZ,159,2,39,905
GRK,"Killeen, TX",TX,DFW,"Dallas/Fort Worth, TX",TX,51,0,51,134
GRR,"Grand Rapids, MI",MI,ATL,"Atlanta, GA",GA,134,2,14,640
GSO,"Greensboro/High Point, NC",NC,ATL,"Atlanta, GA",GA,66,1,6,306
GSP,"Greer, SC",SC,ATL,"Atlanta, GA",GA,47,0,47,153
GTF,"Great Falls, MT",MT,DEN,"Denver, CO",CO,135,2,15,623
GUC,"Gunnison, CO",CO,DEN,"Denver, CO",CO,55,0,55,152
GUM,"Guam, TT",TT,HNL,"Honolulu, HI",HI,422,7,2,3801
HDN,"Hayden, CO",CO,ATL,"Atlanta, GA",GA,170,2,50,1340
HHH,"Hilton Head, SC",SC,CLT,"Charlotte, NC",NC,56,0,56,207
HIB,"Hibbing, MN",MN,MSP,"Minneapolis, MN",MN,64,1,4,174
HLN,"Helena, MT",MT,DEN,"Denver, CO",CO,100,1,40,594
HNL,"Honolulu, HI",HI,ANC,"Anchorage, AK",AK,386,6,26,2777
HOB,"Hobbs, NM",NM,DEN,"Denver, CO",CO,120,2,0,501
HOU,"Houston, TX",TX,ABQ,"Albuquerque, NM",NM,131,2,11,759
HPN,"White Plains, NY",NY,ATL,"Atlanta, GA",GA,135,2,15,780
HRL,"Harlingen/San Benito, TX",TX,AUS,"Austin, TX",TX,57,0,57,273
HSV,"Huntsville, AL",AL,ATL,"Atlanta, GA",GA,56,0,56,151
HYS,"Hays, KS",KS,DEN,"Denver, CO",CO,92,1,32,298
IAG,"Niagara Falls, NY",NY,PGD,"Punta Gorda, FL",FL,237,3,57,1129
ICT,"Wichita, KS",KS,ATL,"Atlanta, GA",GA,116,1,56,782
IDA,"Idaho Falls, ID",ID,DEN,"Denver, CO",CO,107,1,47,458
ILM,"Wilmington, NC",NC,ATL,"Atlanta, GA",GA,89,1,29,377
IMT,"Iron Mountain/Kingsfd, MI",MI,DTW,"Detroit, MI",MI,97,1,37,344
IND,"Indianapolis, IN",IN,ATL,"Atlanta, GA",GA,78,1,18,432
INL,"International Falls, MN",MN,MSP,"Minneapolis, MN",MN,73,1,13,255
ISP,"Islip, NY",NY,BWI,"Baltimore, MD",MD,68,1,8,220
ITO,"Hilo, HI",HI,HNL,"Honolulu, HI",HI,53,0,53,216
JAC,"Jackson, WY",WY,ATL,"Atlanta, GA",GA,232,3,52,1572
JAN,"Jackson/Vicksburg, MS",MS,ATL,"Atlanta, GA",GA,61,1,1,341
JAX,"Jacksonville, FL",FL,ATL,"Atlanta, GA",GA,62,1,2,270
JFK,"New York, NY",NY,ATL,"Atlanta, GA",GA,147,2,27,760
JLN,"Joplin, MO",MO,ORD,"Chicago, IL",IL,118,1,58,484
JMS,"Jamestown, ND",ND,DEN,"Denver, CO",CO,104,1,44,573
JNU,"Juneau, AK",AK,ANC,"Anchorage, AK",AK,102,1,42,571
JST,"Johnstown, PA",PA,IAD,"Washington, DC",VA,97,1,37,120
KOA,"Kona, HI",HI,DEN,"Denver, CO",CO,388,6,28,3329
KTN,"Ketchikan, AK",AK,SEA,"Seattle, WA",WA,105,1,45,680
LAN,"Lansing, MI",MI,DTW,"Detroit, MI",MI,64,1,4,74
LAR,"Laramie, WY",WY,DEN,"Denver, CO",CO,59,0,59,113
LAS,"Las Vegas, NV",NV,ABQ,"Albuquerque, NM",NM,82,1,22,486
LAW,"Lawton/Fort Sill, OK",OK,DFW,"Dallas/Fort Worth, TX",TX,60,1,0,140
LAX,"Los Angeles, CA",CA,ABQ,"Albuquerque, NM",NM,109,1,49,677
LBB,"Lubbock, TX",TX,AUS,"Austin, TX",TX,69,1,9,341
LBE,"Latrobe, PA",PA,MCO,"Orlando, FL",FL,164,2,44,823
LBF,"North Platte, NE",NE,DEN,"Denver, CO",CO,75,1,15,228
LBL,"Liberal, KS",KS,DEN,"Denver, CO",CO,74,1,14,280
LCH,"Lake Charles, LA",LA,DFW,"Dallas/Fort Worth, TX",TX,80,1,20,295
LEX,"Lexington, KY",KY,CLT,"Charlotte, NC",NC,66,1,6,281
LFT,"Lafayette, LA",LA,CLT,"Charlotte, NC",NC,127,2,7,729
LGB,"Long Beach, CA",CA,AUS,"Austin, TX",TX,157,2,37,1226
LIH,"Lihue, HI",HI,DEN,"Denver, CO",CO,395,6,35,3414
LIT,"Little Rock, AR",AR,ATL,"Atlanta, GA",GA,75,1,15,453
LNK,"Lincoln, NE",NE,DEN,"Denver, CO",CO,107,1,47,423
LRD,"Laredo, TX",TX,DFW,"Dallas/Fort Worth, TX",TX,73,1,13,396
LWS,"Lewiston, ID",ID,DEN,"Denver, CO",CO,140,2,20,768
MAF,"Midland/Odessa, TX",TX,AUS,"Austin, TX",TX,54,0,54,294
MBS,"Saginaw/Bay City/Midland, MI",MI,DTW,"Detroit, MI",MI,49,0,49,98
MCI,"Kansas City, MO",MO,ABQ,"Albuquerque, NM",NM,123,2,3,718
MCO,"Orlando, FL",FL,ACY,"Atlantic City, NJ",NJ,123,2,3,852
MCW,"Mason City, IA",IA,ORD,"Chicago, IL",IL,82,1,22,288
MDT,"Harrisburg, PA",PA,CLT,"Charlotte, NC",NC,87,1,27,413
MDW,"Chicago, IL",IL,ABQ,"Albuquerque, NM",NM,191,3,11,1121
MEI,"Meridian, MS",MS,IAH,"Houston, TX",TX,110,1,50,422
MEM,"Memphis, TN",TN,ATL,"Atlanta, GA",GA,59,0,59,332
MFE,"Mission/McAllen/Edinburg, TX",TX,AUS,"Austin, TX",TX,66,1,6,279
MFR,"Medford, OR",OR,DEN,"Denver, CO",CO,133,2,13,964
MGM,"Montgomery, AL",AL,ATL,"Atlanta, GA",GA,48,0,48,147
MGW,"Morgantown, WV",WV,IAD,"Washington, DC",VA,55,0,55,140
MHK,"Manhattan/Ft. Riley, KS",KS,DFW,"Dallas/Fort Worth, TX",TX,97,1,37,431
MHT,"Manchester, NH",NH,BWI,"Baltimore, MD",MD,83,1,23,377
MIA,"Miami, FL",FL,ATL,"Atlanta, GA",GA,100,1,40,594
MKE,"Milwaukee, WI",WI,ATL,"Atlanta, GA",GA,105,1,45,669
MLB,"Melbourne, FL",FL,ATL,"Atlanta, GA",GA,82,1,22,442
MLI,"Moline, IL",IL,CLT,"Charlotte, NC",NC,110,1,50,674
MLU,"Monroe, LA",LA,DFW,"Dallas/Fort Worth, TX",TX,80,1,20,293
MOB,"Mobile, AL",AL,DFW,"Dallas/Fort Worth, TX",TX,113,1,53,539
MOT,"Minot, ND",ND,AZA,"Phoenix, AZ",AZ,168,2,48,1164
MQT,"Marquette, MI",MI,DTW,"Detroit, MI",MI,86,1,26,349
MRY,"Monterey, CA",CA,DEN,"Denver, CO",CO,137,2,17,959
MSN,"Madison, WI",WI,ATL,"Atlanta, GA",GA,130,2,10,707
MSO,"Missoula, MT",MT,AZA,"Phoenix, AZ",AZ,152,2,32,948
MSP,"Minneapolis, MN",MN,ABQ,"Albuquerque, NM",NM,170,2,50,981
MSY,"New Orleans, LA",LA,ATL,"Atlanta, GA",GA,72,1,12,425
MTJ,"Montrose/Delta, CO",CO,ATL,"Atlanta, GA",GA,160,2,40,1352
MYR,"Myrtle Beach, SC",SC,ATL,"Atlanta, GA",GA,73,1,13,317
OAJ,"Jacksonville/Camp Lejeune, NC",NC,CLT,"Charlotte, NC",NC,68,1,8,191
OAK,"Oakland, CA",CA,AUS,"Austin, TX",TX,188,3,8,1497
OGG,"Kahului, HI",HI,ATL,"Atlanta, GA",GA,492,8,12,4431
OKC,"Oklahoma City, OK",OK,ATL,"Atlanta, GA",GA,98,1,38,761
OMA,"Omaha, NE",NE,ATL,"Atlanta, GA",GA,113,1,53,821
ONT,"Ontario, CA",CA,ATL,"Atlanta, GA",GA,227,3,47,1900
ORF,"Norfolk, VA",VA,ATL,"Atlanta, GA",GA,104,1,44,516
ORH,"Worcester, MA",MA,FLL,"Fort Lauderdale, FL",FL,189,3,9,1211
OTH,"North Bend/Coos Bay, OR",OR,SFO,"San Francisco, CA",CA,87,1,27,412
PAE,"Everett, WA",WA,HNL,"Honolulu, HI",HI,398,6,38,2694
PBG,"Plattsburgh, NY",NY,FLL,"Fort Lauderdale, FL",FL,209,3,29,1334
PBI,"West Palm Beach/Palm Beach, FL",FL,ACY,"Atlantic City, NJ",NJ,132,2,12,936
PDX,"Portland, OR",OR,ANC,"Anchorage, AK",AK,230,3,50,1542
PGD,"Punta Gorda, FL",FL,ABE,"Allentown/Bethlehem/Easton, PA",PA,149,2,29,1018
PHL,"Philadelphia, PA",PA,ATL,"Atlanta, GA",GA,120,2,0,666
PIA,"Peoria, IL",IL,AZA,"Phoenix, AZ",AZ,206,3,26,1312
PIB,"Hattiesburg/Laurel, MS",MS,IAH,"Houston, TX",TX,93,1,33,372
PIE,"St. Petersburg, FL",FL,ABE,"Allentown/Bethlehem/Easton, PA",PA,138,2,18,970
PIH,"Pocatello, ID",ID,SLC,"Salt Lake City, UT",UT,41,0,41,150
PIT,"Pittsburgh, PA",PA,ATL,"Atlanta, GA",GA,96,1,36,526
PLN,"Pellston, MI",MI,DTW,"Detroit, MI",MI,90,1,30,243
PNS,"Pensacola, FL",FL,ATL,"Atlanta, GA",GA,56,0,56,271
PQI,"Presque Isle/Houlton, ME",ME,BOS,"Boston, MA",MA,99,1,39,333
PRC,"Prescott, AZ",AZ,DEN,"Denver, CO",CO,121,2,1,557
PSC,"Pasco/Kennewick/Richland, WA",WA,AZA,"Phoenix, AZ",AZ,139,2,19,977
PSE,"Ponce, PR",PR,JFK,"New York, NY",NY,252,4,12,1617
PSM,"Portsmouth, NH",NH,PGD,"Punta Gorda, FL",FL,219,3,39,1279
PSP,"Palm Springs, CA",CA,ATL,"Atlanta, GA",GA,235,3,55,1840
PVD,"Providence, RI",RI,ATL,"Atlanta, GA",GA,165,2,45,903
PVU,"Provo, UT",UT,AZA,"Phoenix, AZ",AZ,87,1,27,477
PWM,"Portland, ME",ME,ATL,"Atlanta, GA",GA,186,3,6,1027
RAP,"Rapid City, SD",SD,AZA,"Phoenix, AZ",AZ,144,2,24,873
RDD,"Redding, CA",CA,LAX,"Los Angeles, CA",CA,105,1,45,501
RDM,"Bend/Redmond, OR",OR,DEN,"Denver, CO",CO,115,1,55,898
RDU,"Raleigh/Durham, NC",NC,ATL,"Atlanta, GA",GA,82,1,22,356
RFD,"Rockford, IL",IL,AZA,"Phoenix, AZ",AZ,226,3,46,1373
RHI,"Rhinelander, WI",WI,MSP,"Minneapolis, MN",MN,75,1,15,190
RIC,"Richmond, VA",VA,ATL,"Atlanta, GA",GA,99,1,39,481
RIW,"Riverton/Lander, WY",WY,DEN,"Denver, CO",CO,64,1,4,296
RKS,"Rock Springs, WY",WY,DEN,"Denver, CO",CO,70,1,10,260
RNO,"Reno, NV",NV,ATL,"Atlanta, GA",GA,230,3,50,1993
ROA,"Roanoke, VA",VA,ATL,"Atlanta, GA",GA,84,1,24,357
ROC,"Rochester, NY",NY,ATL,"Atlanta, GA",GA,128,2,8,749
ROW,"Roswell, NM",NM,DFW,"Dallas/Fort Worth, TX",TX,92,1,32,435
RST,"Rochester, MN",MN,MSP,"Minneapolis, MN",MN,48,0,48,76
RSW,"Fort Myers, FL",FL,ACY,"Atlantic City, NJ",NJ,131,2,11,982
SAF,"Santa Fe, NM",NM,DEN,"Denver, CO",CO,75,1,15,303
SAN,"San Diego, CA",CA,ABQ,"Albuquerque, NM",NM,101,1,41,628
SAT,"San Antonio, TX",TX,ATL,"Atlanta, GA",GA,116,1,56,874
SAV,"Savannah, GA",GA,ATL,"Atlanta, GA",GA,59,0,59,214
SBA,"Santa Barbara, CA",CA,ATL,"Atlanta, GA",GA,252,4,12,2023
SBN,"South Bend, IN",IN,ATL,"Atlanta, GA",GA,107,1,47,566
SBP,"San Luis Obispo, CA",CA,DEN,"Denver, CO",CO,158,2,38,931
SCK,"Stockton, CA",CA,LAS,"Las Vegas, NV",NV,79,1,19,359
SDF,"Louisville, KY",KY,ATL,"Atlanta, GA",GA,73,1,13,321
SEA,"Seattle, WA",WA,ABQ,"Albuquerque, NM",NM,150,2,30,1180
SFB,"Sanford, FL",FL,ABE,"Allentown/Bethlehem/Easton, PA",PA,136,2,16,882
SFO,"San Francisco, CA",CA,ABQ,"Albuquerque, NM",NM,133,2,13,896
SGF,"Springfield, MO",MO,AZA,"Phoenix, AZ",AZ,188,3,8,1066
SGU,"St. George, UT",UT,DEN,"Denver, CO",CO,96,1,36,517
SHR,"Sheridan, WY",WY,DEN,"Denver, CO",CO,76,1,16,359
SHV,"Shreveport, LA",LA,ATL,"Atlanta, GA",GA,90,1,30,551
SIT,"Sitka, AK",AK,JNU,"Juneau, AK",AK,37,0,37,95
SJC,"San Jose, CA",CA,ATL,"Atlanta, GA",GA,243,4,3,2116
SJT,"San Angelo, TX",TX,DFW,"Dallas/Fort Worth, TX",TX,70,1,10,229
SJU,"San Juan, PR",PR,ATL,"Atlanta, GA",GA,228,3,48,1547
SLC,"Salt Lake City, UT",UT,ABQ,"Albuquerque, NM",NM,87,1,27,493
SLN,"Salina, KS",KS,DEN,"Denver, CO",CO,113,1,53,383
SMF,"Sacramento, CA",CA,ATL,"Atlanta, GA",GA,245,4,5,2092
SNA,"Santa Ana, CA",CA,ATL,"Atlanta, GA",GA,232,3,52,1919
SPI,"Springfield, IL",IL,PGD,"Punta Gorda, FL",FL,139,2,19,994
SPN,"Saipan, TT",TT,GUM,"Guam, TT",TT,44,0,44,129
SPS,"Wichita Falls, TX",TX,DFW,"Dallas/Fort Worth, TX",TX,47,0,47,113
SRQ,"Sarasota/Bradenton, FL",FL,ATL,"Atlanta, GA",GA,87,1,27,444
STL,"St. Louis, MO",MO,ATL,"Atlanta, GA",GA,74,1,14,484
STS,"Santa Rosa, CA",CA,BUR,"Burbank, CA",CA,78,1,18,387
STT,"Charlotte Amalie, VI",VI,ATL,"Atlanta, GA",GA,234,3,54,1599
STX,"Christiansted, VI",VI,ATL,"Atlanta, GA",GA,239,3,59,1638
SUN,"Sun Valley/Hailey/Ketchum, ID",ID,DEN,"Denver, CO",CO,107,1,47,557
SUX,"Sioux City, IA",IA,DEN,"Denver, CO",CO,101,1,41,466
SWO,"Stillwater, OK",OK,DFW,"Dallas/Fort Worth, TX",TX,61,1,1,225
SYR,"Syracuse, NY",NY,ATL,"Atlanta, GA",GA,140,2,20,794
TLH,"Tallahassee, FL",FL,ATL,"Atlanta, GA",GA,60,1,0,223
TOL,"Toledo, OH",OH,PGD,"Punta Gorda, FL",FL,,0,0,1016
TPA,"Tampa, FL",FL,ACY,"Atlantic City, NJ",NJ,128,2,8,913
TRI,"Bristol/Johnson City/Kingsport, TN",TN,DFW,"Dallas/Fort Worth, TX",TX,179,2,59,868
TTN,"Trenton, NJ",NJ,MCO,"Orlando, FL",FL,158,2,38,896
TUL,"Tulsa, OK",OK,ATL,"Atlanta, GA",GA,96,1,36,674
TUS,"Tucson, AZ",AZ,ATL,"Atlanta, GA",GA,183,3,3,1541
TVC,"Traverse City, MI",MI,CLT,"Charlotte, NC",NC,152,2,32,702
TWF,"Twin Falls, ID",ID,SLC,"Salt Lake City, UT",UT,78,1,18,175
TXK,"Texarkana, AR",AR,DFW,"Dallas/Fort Worth, TX",TX,69,1,9,181
TYR,"Tyler, TX",TX,DFW,"Dallas/Fort Worth, TX",TX,48,0,48,102
TYS,"Knoxville, TN",TN,ATL,"Atlanta, GA",GA,44,0,44,152
USA,"Concord, NC",NC,FLL,"Fort Lauderdale, FL",FL,107,1,47,643
VCT,"Victoria, TX",TX,IAH,"Houston, TX",TX,52,0,52,123
VPS,"Valparaiso, FL",FL,ATL,"Atlanta, GA",GA,61,1,1,250
XNA,"Fayetteville, AR",AR,CLT,"Charlotte, NC",NC,107,1,47,754
XWA,"Williston, ND",ND,DEN,"Denver, CO",CO,136,2,16,582
YUM,"Yuma, AZ",AZ,DFW,"Dallas/Fort Worth, TX",TX,144,2,24,1022
ADQ,"Kodiak, AK",AK,ANC,"Anchorage, AK",AK,65,1,5,253
BET,"Bethel, AK",AK,ANC,"Anchorage, AK",AK,65,1,5,399
BRW,"Barrow, AK",AK,ANC,"Anchorage, AK",AK,108,1,48,725
CDV,"Cordova, AK",AK,ANC,"Anchorage, AK",AK,50,0,50,160
CKB,"Clarksburg/Fairmont, WV",WV,SFB,"Sanford, FL",FL,111,1,51,727
GFK,"Grand Forks, ND",ND,AZA,"Phoenix, AZ",AZ,179,2,59,1260
HGR,"Hagerstown, MD",MD,PIE,"St. Petersburg, FL",FL,148,2,28,861
HTS,"Ashland, WV",WV,SFB,"Sanford, FL",FL,100,1,40,665
OME,"Nome, AK",AK,ANC,"Anchorage, AK",AK,104,1,44,539
OTZ,"Kotzebue, AK",AK,ANC,"Anchorage, AK",AK,98,1,38,548
PPG,"Pago Pago, TT",TT,HNL,"Honolulu, HI",HI,323,5,23,2599
PSG,"Petersburg, AK",AK,JNU,"Juneau, AK",AK,45,0,45,123
SCC,"Deadhorse, AK",AK,ANC,"Anchorage, AK",AK,100,1,40,626
SCE,"State College, PA",PA,ORD,"Chicago, IL",IL,117,1,57,528
SMX,"Santa Maria, CA",CA,LAS,"Las Vegas, NV",NV,70,1,10,310
STC,"St. Cloud, MN",MN,PGD,"Punta Gorda, FL",FL,206,3,26,1447
SWF,"Newburgh/Poughkeepsie, NY",NY,MYR,"Myrtle Beach, SC",SC,156,2,36,601
WRG,"Wrangell, AK",AK,KTN,"Ketchikan, AK",AK,42,0,42,82
YAK,"Yakutat, AK",AK,CDV,"Cordova, AK",AK,55,0,55,213
ABY,"Albany, GA",GA,ATL,"Atlanta, GA",GA,52,0,52,145
LSE,"La Crosse, WI",WI,ORD,"Chicago, IL",IL,88,1,28,215
